policy,seed,attacker,cadence,data_selection,oscillation_index,mean_attack_success_tail,final_attack_success_rate,mean_evasion_tail,final_evasion_rate,max_evasion_rate,rounds_to_convergence,total_retrain_seconds,retrain_count
random__every_round__full_replay,0,random,every_round,full_replay,0.004166666666666667,0.042499999999999996,0.03666666666666667,0.042499999999999996,0.03666666666666667,0.8016666666666666,6.0,199.2830871000042,8.0
random__every_round__hard_mining,0,random,every_round,hard_mining,0.039281745831308924,0.39796821166945306,0.45854483925549916,0.41666666666666663,0.4666666666666667,0.8016666666666666,6.0,191.42631069998606,8.0
random__every_round__bounded_buffer,0,random,every_round,bounded_buffer,0.022028233146477165,0.27790417504469955,0.29591836734693877,0.29208333333333336,0.31,0.8016666666666666,5.0,201.01294480002252,8.0
random__every_n__full_replay,0,random,every_n,full_replay,0.019112241568632858,0.055,0.023333333333333334,0.055,0.023333333333333334,0.8016666666666666,7.0,66.99733680000645,3.0
random__every_n__hard_mining,0,random,every_n,hard_mining,0.08195844983892754,0.3203515447523853,0.4838709677419355,0.3520833333333333,0.49333333333333335,0.8016666666666666,nan,68.50805099999707,3.0
random__every_n__bounded_buffer,0,random,every_n,bounded_buffer,0.02636219410022196,0.30657345943723197,0.2620689655172414,0.32375,0.2866666666666667,0.8016666666666666,4.0,58.692837199996575,3.0
random__threshold__full_replay,0,random,threshold,full_replay,0.011960583412006105,0.07166666666666667,0.08,0.07166666666666667,0.08,0.8016666666666666,5.0,78.58534720001626,3.0
random__threshold__hard_mining,0,random,threshold,hard_mining,0.039281745831308924,0.39796821166945306,0.45854483925549916,0.41666666666666663,0.4666666666666667,0.8016666666666666,6.0,189.04657019999286,8.0
random__threshold__bounded_buffer,0,random,threshold,bounded_buffer,0.022028233146477165,0.27790417504469955,0.29591836734693877,0.29208333333333336,0.31,0.8016666666666666,5.0,186.790587600015,8.0
random__every_round__full_replay,1,random,every_round,full_replay,0.009354143466934854,0.03833333333333333,0.028333333333333332,0.03833333333333333,0.028333333333333332,0.8333333333333334,6.0,128.9592171999975,8.0
random__every_round__hard_mining,1,random,every_round,hard_mining,0.032371540999258375,0.3287400983282192,0.3524451939291737,0.35250000000000004,0.36,0.8333333333333334,5.0,118.93173570002546,8.0
random__every_round__bounded_buffer,1,random,every_round,bounded_buffer,0.013043729868748783,0.27168294704534335,0.28449744463373083,0.29083333333333333,0.3,0.8333333333333334,5.0,111.2093778000417,8.0
random__every_n__full_replay,1,random,every_n,full_replay,0.016435902436096682,0.049166666666666664,0.021666666666666667,0.049166666666666664,0.021666666666666667,0.8333333333333334,7.0,46.07130239998514,3.0
random__every_n__hard_mining,1,random,every_n,hard_mining,0.09440144037272123,0.3230135868118608,0.49829351535836175,0.34708333333333335,0.51,0.8333333333333334,nan,40.82479080000485,3.0
random__every_n__bounded_buffer,1,random,every_n,bounded_buffer,0.006052432935972477,0.23847430538480452,0.25510204081632654,0.2604166666666667,0.27,0.8333333333333334,7.0,45.034768100013025,3.0
random__threshold__full_replay,1,random,threshold,full_replay,0.008281086214313248,0.08208333333333334,0.07333333333333333,0.08208333333333334,0.07333333333333333,0.8333333333333334,5.0,44.864664199980325,3.0
random__threshold__hard_mining,1,random,threshold,hard_mining,0.032371540999258375,0.3287400983282192,0.3524451939291737,0.35250000000000004,0.36,0.8333333333333334,5.0,107.97559039999032,8.0
random__threshold__bounded_buffer,1,random,threshold,bounded_buffer,0.013043729868748783,0.27168294704534335,0.28449744463373083,0.29083333333333333,0.3,0.8333333333333334,5.0,108.77517320000334,8.0
random__every_round__full_replay,2,random,every_round,full_replay,0.01594260539142416,0.041666666666666664,0.02,0.041666666666666664,0.02,0.8016666666666666,6.0,115.07325959997252,8.0
random__every_round__hard_mining,2,random,every_round,hard_mining,0.02730994934695656,0.26605795392851317,0.2827586206896552,0.285,0.30666666666666664,0.8016666666666666,7.0,107.56345439997676,8.0
random__every_round__bounded_buffer,2,random,every_round,bounded_buffer,0.0415748989442214,0.2795796777515412,0.22413793103448276,0.2975,0.25,0.8016666666666666,nan,110.19188569999824,8.0
random__every_n__full_replay,2,random,every_n,full_replay,0.010299339245256896,0.04458333333333333,0.028333333333333332,0.04458333333333333,0.028333333333333332,0.8016666666666666,7.0,48.77223750000121,3.0
random__every_n__hard_mining,2,random,every_n,hard_mining,0.03645773809037892,0.3281788821786219,0.39590443686006827,0.3516666666666666,0.41,0.8016666666666666,4.0,39.745297300003585,3.0
random__every_n__bounded_buffer,2,random,every_n,bounded_buffer,0.006770032003863296,0.2760224196775332,0.2713310580204778,0.29833333333333334,0.28833333333333333,0.8016666666666666,7.0,40.23995869999635,3.0
random__threshold__full_replay,2,random,threshold,full_replay,0.0041457809879442515,0.07291666666666667,0.06666666666666667,0.07291666666666667,0.06666666666666667,0.8016666666666666,5.0,41.54286999999022,3.0
random__threshold__hard_mining,2,random,threshold,hard_mining,0.02730994934695656,0.26605795392851317,0.2827586206896552,0.285,0.30666666666666664,0.8016666666666666,7.0,107.92553370000678,8.0
random__threshold__bounded_buffer,2,random,threshold,bounded_buffer,0.0415748989442214,0.2795796777515412,0.22413793103448276,0.2975,0.25,0.8016666666666666,nan,108.61813919998531,8.0
random__every_round__full_replay,3,random,every_round,full_replay,0.016514934318838676,0.041694490818030054,0.03166666666666667,0.042083333333333334,0.03166666666666667,0.8516666666666667,5.0,120.76073320000432,8.0
random__every_round__hard_mining,3,random,every_round,hard_mining,0.05630398643869622,0.40222329176161986,0.3587521663778163,0.4191666666666667,0.38333333333333336,0.8516666666666667,nan,114.40116730000591,8.0
random__every_round__bounded_buffer,3,random,every_round,bounded_buffer,0.02446653042650533,0.3183023893269352,0.2651646447140381,0.3350000000000001,0.29333333333333333,0.8516666666666667,5.0,151.77022749999014,8.0
random__every_n__full_replay,3,random,every_n,full_replay,0.013195906351760928,0.04791666666666666,0.028333333333333332,0.04791666666666666,0.028333333333333332,0.8516666666666667,7.0,47.8445253999962,3.0
random__every_n__hard_mining,3,random,every_n,hard_mining,0.041756153904411376,0.4020155073570135,0.48547008547008547,0.42791666666666667,0.49833333333333335,0.8516666666666667,4.0,41.455742799982545,3.0
random__every_n__bounded_buffer,3,random,every_n,bounded_buffer,0.011265421528829814,0.3252363275981376,0.3384879725085911,0.34208333333333335,0.35833333333333334,0.8516666666666667,7.0,42.8640449999948,3.0
random__threshold__full_replay,3,random,threshold,full_replay,0.006291528696058958,0.07583333333333334,0.07333333333333333,0.07583333333333334,0.07333333333333333,0.8516666666666667,5.0,43.89014220000536,3.0
random__threshold__hard_mining,3,random,threshold,hard_mining,0.05630398643869622,0.40222329176161986,0.3587521663778163,0.4191666666666667,0.38333333333333336,0.8516666666666667,nan,109.45062509998388,8.0
random__threshold__bounded_buffer,3,random,threshold,bounded_buffer,0.02446653042650533,0.3183023893269352,0.2651646447140381,0.3350000000000001,0.29333333333333333,0.8516666666666667,5.0,109.68709140000283,8.0
random__every_round__full_replay,4,random,every_round,full_replay,0.00692218655243173,0.04583333333333334,0.03833333333333333,0.04583333333333334,0.03833333333333333,0.8283333333333334,6.0,123.62862309999764,8.0
random__every_round__hard_mining,4,random,every_round,hard_mining,0.04738106454880237,0.3857336559940637,0.29842931937172773,0.40708333333333335,0.33,0.8283333333333334,nan,110.572750500025,8.0
random__every_round__bounded_buffer,4,random,every_round,bounded_buffer,0.02148562180725622,0.32153285341853827,0.3112244897959184,0.33958333333333335,0.325,0.8283333333333334,5.0,181.76306870000553,8.0
random__every_n__full_replay,4,random,every_n,full_replay,0.011865859054915119,0.04923414023372287,0.035,0.05041666666666667,0.035,0.8283333333333334,7.0,49.0516978000087,3.0
random__every_n__hard_mining,4,random,every_n,hard_mining,0.027572505427609494,0.33556576330553,0.3983050847457627,0.36291666666666667,0.4083333333333333,0.8283333333333334,4.0,44.87252589999116,3.0
random__every_n__bounded_buffer,4,random,every_n,bounded_buffer,0.023932050801290627,0.2566408209939207,0.30272108843537415,0.27625,0.31666666666666665,0.8283333333333334,7.0,41.821416500009946,3.0
random__threshold__full_replay,4,random,threshold,full_replay,0.010172129679778085,0.07083333333333333,0.08833333333333333,0.07083333333333333,0.08833333333333333,0.8283333333333334,5.0,42.98302720001084,3.0
random__threshold__hard_mining,4,random,threshold,hard_mining,0.04738106454880237,0.3857336559940637,0.29842931937172773,0.40708333333333335,0.33,0.8283333333333334,nan,111.22818980002194,8.0
random__threshold__bounded_buffer,4,random,threshold,bounded_buffer,0.02148562180725622,0.32153285341853827,0.3112244897959184,0.33958333333333335,0.325,0.8283333333333334,5.0,113.59951840000576,8.0
